,City,Country,Date,Latitude,Longitude,Max Temperature,Humidity,Cloudiness,Wind Speed
0,Butaritari,KI,1635474647,3.0707,172.7902,82.83,68,1,13.38
1,Mashhad,IR,1635474884,36.297,59.6062,37.54,81,0,4.61
2,Ushuaia,AR,1635474718,-54.8,-68.3,56.86,47,20,11.5
3,Sur,OM,1635474885,22.5667,59.5289,78.24,61,0,1.19
4,Busselton,AU,1635474715,-33.65,115.3333,60.04,51,54,7.4
5,Darhan,MN,1635474864,49.4867,105.9228,36.09,46,98,11.65
6,Ponta do Sol,PT,1635474728,32.6667,-17.1,69.71,70,66,7.96
7,Champerico,GT,1635474885,14.3,-91.9167,83.35,81,90,2.21
8,Tottori-shi,JP,1635474886,35.5,134.2333,62.67,48,75,13.8
9,Mahébourg,MU,1635474705,-20.4081,57.7,75.25,88,40,6.91
10,Port Alfred,ZA,1635474722,-33.5906,26.891,67.96,90,99,10.6
11,Muroto-misakicho,JP,1635474736,33.2833,134.15,68.04,47,0,11.59
12,Listvyagi,RU,1635474887,53.6772,86.951,33.4,68,100,5.35
13,Lagoa,PT,1635474713,39.05,-27.9833,70.07,90,99,34.67
14,Pevek,RU,1635474660,69.7008,170.3133,1.72,92,100,4.23
15,Melfi,IT,1635474887,40.9965,15.6514,49.41,92,81,1.61
16,Carnarvon,AU,1635474756,-24.8667,113.6333,73.47,35,0,18.41
17,Vestmannaeyjar,IS,1635474824,63.4427,-20.2734,44.2,85,100,13.13
18,Karratha,AU,1635474888,-20.7377,116.8463,86.31,24,6,12.24
19,Jamestown,US,1635474720,42.097,-79.2353,56.52,79,1,7.0
20,Punta Arenas,CL,1635474613,-53.15,-70.9167,51.91,71,75,13.8
21,Hilo,US,1635474717,19.7297,-155.09,83.28,68,1,8.05
22,Caravelas,BR,1635474873,-17.7125,-39.2481,72.93,77,4,5.32
23,Mataura,NZ,1635474739,-46.1927,168.8643,64.98,61,60,5.19
24,Martapura,ID,1635474888,-3.4167,114.85,80.69,83,75,5.75
25,Nantucket,US,1635474889,41.2835,-70.0995,53.71,71,90,17.27
26,Codrington,AU,1635474776,-38.2667,141.9667,54.41,55,99,20.04
27,Ambilobe,MG,1635474889,-13.2,49.05,73.69,88,22,1.45
28,Nanortalik,GL,1635474814,60.1432,-45.2371,35.06,72,92,1.74
29,Departamento de Maldonado,UY,1635474866,-34.6667,-54.9167,63.79,77,0,8.63
30,Hobart,AU,1635474709,-42.8794,147.3294,46.26,94,75,5.99
31,Longyearbyen,SJ,1635474675,78.2186,15.6401,19.24,79,0,4.61
32,Barrow,US,1635474799,71.2906,-156.7887,21.22,86,90,13.8
33,Tiksi,RU,1635474785,71.6872,128.8694,12.51,94,100,4.94
34,Corn Island,NI,1635474731,12.1694,-83.0418,84.13,72,12,4.83
35,Kangasala,FI,1635474890,61.4638,24.076,50.99,94,100,13.31
36,Nikolskoye,RU,1635474721,59.7035,30.7861,53.87,92,100,11.23
37,Atuona,PF,1635474732,-9.8,-139.0333,78.42,68,6,16.33
38,Basco,PH,1635474890,20.4487,121.9702,79.43,67,93,17.98
39,Merrill,US,1635474876,45.1805,-89.6835,50.18,93,90,5.75
40,Fort Nelson,CA,1635474603,58.8053,-122.7002,29.79,100,75,3.44
41,Norman Wells,CA,1635474724,65.282,-126.8329,23.04,93,90,3.44
42,Vardø,NO,1635474842,70.3705,31.1107,34.0,92,100,18.05
43,Lebu,CL,1635474721,-37.6167,-73.65,52.27,87,32,15.28
44,Albany,US,1635474433,42.6001,-73.9662,44.31,91,18,1.14
45,Ahipara,NZ,1635474804,-35.1667,173.1667,63.81,74,3,11.56
46,Chunskiy,RU,1635474891,56.0815,99.6342,30.51,44,18,5.61
47,Grindavik,IS,1635474892,63.8424,-22.4338,44.55,87,0,18.41
48,Vaini,TO,1635474710,-21.2,-175.2,80.76,83,75,12.66
49,Buala,SB,1635474844,-8.145,159.5921,85.3,71,65,7.18
50,Dikson,RU,1635474762,73.5069,80.5464,9.19,86,100,5.28
51,Clarence Town,AU,1635474892,-32.5833,151.7833,90.34,40,100,12.57
52,Hasaki,JP,1635474741,35.7333,140.8333,64.69,51,100,24.52
53,Bilma,NE,1635474802,18.6853,12.9164,76.71,19,3,1.07
54,Saint Paul Harbor,US,1635474485,57.79,-152.4072,36.91,52,20,4.61
55,Turochak,RU,1635474804,52.2576,87.1224,33.8,80,100,2.64
56,Lázaro Cárdenas,MX,1635474742,17.9583,-102.2,78.84,78,3,2.24
57,Beringovskiy,RU,1635474725,63.05,179.3167,7.65,77,22,4.54
58,Alihe,CN,1635474794,50.5667,123.7167,47.88,46,53,1.1
59,Constitución,CL,1635474858,-35.3333,-72.4167,54.0,80,8,13.29
60,Shemonaīkha,KZ,1635474893,50.6328,81.9056,39.07,87,99,6.24
61,Matara,LK,1635474893,5.9485,80.5353,80.06,82,97,6.42
62,Rikitea,PF,1635474640,-23.1203,-134.9692,75.58,80,55,16.75
63,General Pico,AR,1635474894,-35.6566,-63.7568,75.56,26,75,4.12
64,Hermanus,ZA,1635474734,-34.4187,19.2345,60.91,83,4,7.92
65,Bambous Virieux,MU,1635474738,-20.3428,57.7575,75.22,88,40,6.91
66,Severo-Kuril'sk,RU,1635474745,50.6789,156.125,43.43,96,100,6.71
67,La Ronge,CA,1635474719,55.1001,-105.2842,39.45,65,1,4.61
68,Puerto Ayora,EC,1635474729,-0.7393,-90.3518,68.56,94,92,7.0
69,Mar del Plata,AR,1635474643,-38.0023,-57.5575,67.08,92,0,3.0
70,Lodwar,KE,1635474895,3.1191,35.5973,82.08,43,48,9.98
71,Ulaanbaatar,MN,1635474740,47.9077,106.8832,32.13,69,40,13.42
72,Dores do Indaiá,BR,1635474895,-19.4633,-45.6017,70.21,69,36,2.57
73,Okha,RU,1635474727,53.5739,142.9478,41.76,68,13,4.94
74,New Norfolk,AU,1635474494,-42.7826,147.0587,45.91,77,100,5.01
75,Guadix,ES,1635474896,37.2993,-3.1392,54.3,58,100,3.42
76,Gorontalo,ID,1635474896,0.5412,123.0595,85.3,77,55,2.28
77,Ngunguru,NZ,1635474897,-35.6167,174.5,68.09,56,83,8.05
78,Seddon,AU,1635474897,-37.8068,144.8916,58.71,70,75,8.99
79,Cape Town,ZA,1635474631,-33.9258,18.4232,62.1,68,75,4.0
80,Pisco,PE,1635474758,-13.7,-76.2167,61.02,88,0,14.97
81,Vostok,RU,1635474898,46.4856,135.8833,44.6,51,2,3.85
82,Paamiut,GL,1635474667,61.994,-49.6678,33.53,80,100,11.32
83,Chokurdakh,RU,1635474770,70.6333,147.9167,-2.09,91,100,3.89
84,Villa Bruzual,VE,1635474898,9.3328,-69.1208,72.01,97,61,2.77
85,Rāzole,IN,1635474898,16.4833,81.8333,82.69,85,100,7.36
86,Oussouye,SN,1635474899,12.485,-16.5469,75.2,78,94,6.11
87,Gimli,CA,1635474758,50.6336,-96.9907,41.02,87,0,5.75
88,Isla Vista,US,1635474899,34.4133,-119.861,77.68,48,1,3.44
89,Hecun,CN,1635474899,36.5333,114.1111,65.14,52,88,2.15
90,Luau,AO,1635474900,-10.7073,22.2247,66.42,89,100,1.16
91,Upernavik,GL,1635474776,72.7868,-56.1549,21.31,56,100,3.78
92,Yumen,CN,1635474816,40.2833,97.2,48.96,26,13,5.79
93,Sturgeon Bay,US,1635474766,44.8342,-87.377,55.76,76,1,5.75
94,Gatton,AU,1635474900,-27.55,152.2833,81.54,77,100,9.08
95,Vilyuysk,RU,1635474900,63.7553,121.6247,22.01,82,100,9.53
96,Kindu,CD,1635474901,-2.95,25.95,68.31,99,100,4.9
97,Toamasina,MG,1635474901,-18.1667,49.3833,66.2,94,75,9.22
98,East London,ZA,1635474649,-33.0153,27.9116,66.6,95,100,9.15
99,Chardara,KZ,1635474901,41.2547,67.9692,48.34,76,96,6.58
100,Bilibino,RU,1635474902,68.0546,166.4372,-14.78,93,37,3.29
101,Ribeira Grande,PT,1635474728,38.5167,-28.7,71.1,91,100,30.62
102,Kapaa,US,1635474665,22.0752,-159.319,80.58,89,75,1.99
103,Kurchum,KZ,1635474903,48.5722,83.6542,45.73,69,100,5.59
104,Priargunsk,RU,1635474904,50.3691,119.1012,42.89,54,99,5.46
105,Santa Maria,BR,1635474904,-29.6842,-53.8069,69.1,64,0,9.22
106,Kavieng,PG,1635474732,-2.5744,150.7967,84.47,73,93,6.29
107,Palmer,US,1635474905,42.1584,-72.3287,41.86,91,20,0.0
108,Grand Gaube,MU,1635474859,-20.0064,57.6608,74.37,76,9,10.0
109,Ugoofaaru,MV,1635474728,5.6667,73.0,81.88,75,84,9.78
110,Mtambile,TZ,1635474905,-5.3833,39.7,77.29,81,90,7.27
111,Esperance,AU,1635474731,-33.8667,121.9,57.04,60,91,10.25
112,Bredasdorp,ZA,1635474712,-34.5322,20.0403,60.12,88,79,3.44
113,Wewak,PG,1635474906,-3.5534,143.6268,84.58,72,42,5.73
114,Saskylakh,RU,1635474746,71.9167,114.0833,-8.45,99,100,7.05
115,Saint-Philippe,RE,1635474657,-21.3585,55.7679,72.95,81,33,6.76
116,Memāri,IN,1635474906,23.2,88.1167,80.46,66,3,9.8
117,Nouadhibou,MR,1635474906,20.931,-17.0347,67.98,73,24,14.97
118,Saint Simons,US,1635474907,31.1352,-81.3901,71.65,82,90,1.01
119,Forsytheganj,BY,1635474907,52.6333,29.7333,50.65,97,100,3.78
120,Les Escoumins,CA,1635474908,48.1111,-69.0236,40.35,87,1,4.99
121,Henties Bay,NA,1635474786,-22.116,14.2845,58.86,93,6,7.09
122,Petropavlovsk-Kamchatskiy,RU,1635474787,53.0452,158.6483,46.99,57,0,8.95
123,Erzin,TR,1635474908,36.9559,36.2,54.12,64,87,3.51
124,Hithadhoo,MV,1635474736,-0.6,73.0833,83.14,74,100,13.53
125,Bereda,ES,1635474756,43.2686,-7.5406,56.41,100,100,5.08
126,Kenai,US,1635474908,60.5544,-151.2583,34.03,92,90,8.05
127,Williamsburg,US,1635474630,37.2707,-76.7075,63.73,83,75,3.0
128,Hofn,IS,1635474837,64.2539,-15.2082,43.3,90,100,14.27
129,Kampot,KH,1635474909,10.6167,104.1833,86.05,71,59,6.31
130,Srandakan,ID,1635474909,-7.9386,110.2506,85.84,70,98,7.49
131,Mishan,CN,1635474910,45.55,131.8833,51.08,40,0,4.81
132,Faanui,PF,1635474740,-16.4833,-151.75,77.58,85,93,16.96
133,Bocas del Toro,PA,1635474910,9.3333,-82.25,83.07,79,93,3.65
134,San Policarpo,PH,1635474911,12.1791,125.5072,81.72,78,92,8.01
135,Khatanga,RU,1635474719,71.9667,102.5,-15.95,99,91,7.05
136,Shaunavon,CA,1635474911,49.6501,-108.4181,40.78,64,99,14.72
137,Semey,KZ,1635474912,50.4111,80.2275,30.42,100,90,4.47
138,Kruisfontein,ZA,1635474726,-34.0033,24.7314,60.89,82,88,8.57
139,Orange Cove,US,1635474912,36.6244,-119.3137,69.46,60,0,3.02
140,Bluff,NZ,1635474637,-46.6,168.3333,59.85,74,27,5.26
141,Saint-Joseph,RE,1635474870,-21.3667,55.6167,71.96,82,44,11.77
142,Tomatlán,MX,1635474912,19.9333,-105.25,76.24,92,71,1.57
143,Kloulklubed,PW,1635474808,7.0419,134.2556,88.3,68,99,11.74
144,Kahului,US,1635474644,20.8947,-156.47,82.42,76,40,23.02
145,Sørland,NO,1635474913,67.667,12.6934,46.9,86,15,19.55
146,Manuk Mangkaw,PH,1635474913,4.8,119.85,84.0,71,99,5.77
147,Namatanai,PG,1635474720,-3.6667,152.4333,86.56,65,99,5.26
148,Ahmadpur East,PK,1635474914,29.1431,71.2598,77.45,20,0,4.45
149,Port Elizabeth,ZA,1635474734,-33.918,25.5701,63.1,94,0,6.91
150,Cabo San Lucas,MX,1635474780,22.8909,-109.9124,79.9,69,20,8.05
151,Tasiilaq,GL,1635474716,65.6145,-37.6368,28.56,68,8,7.02
152,Fairbanks,US,1635474675,64.8378,-147.7164,25.3,88,75,0.0
153,Zalesovo,RU,1635474914,53.9939,84.7431,34.66,80,100,11.86
154,Provideniya,RU,1635474792,64.3833,-173.3,15.91,73,90,8.95
155,Suntar,RU,1635474915,62.1444,117.6319,21.61,78,100,12.97
156,Huarmey,PE,1635474915,-10.0681,-78.1522,64.31,85,75,8.34
157,Lac du Bonnet,CA,1635474916,50.2536,-96.0612,42.01,86,0,4.38
158,Yangi Marg`ilon,UZ,1635474849,40.4272,71.7189,48.92,66,40,2.3
159,Klaksvík,FO,1635474861,62.2266,-6.589,49.12,89,41,24.85
160,Richards Bay,ZA,1635474658,-28.783,32.0377,66.74,70,100,16.8
161,Brodina,RO,1635474916,47.8833,25.4167,35.22,74,6,3.85
162,Temba,ZA,1635474917,-25.3803,28.2631,66.11,66,98,4.03
163,Yeppoon,AU,1635474870,-23.1333,150.7333,87.58,56,26,16.87
164,Arraial do Cabo,BR,1635474678,-22.9661,-42.0278,71.01,91,100,15.7
165,San Jose,US,1635474602,37.3394,-121.895,71.91,69,20,6.91
166,Pāsighāt,IN,1635474917,28.0667,95.3333,77.67,46,0,1.61
167,Pazarić,BA,1635474841,43.7886,18.1608,28.65,100,40,1.14
168,Thompson,CA,1635474712,55.7435,-97.8558,39.36,100,90,8.05
169,Zhigalovo,RU,1635474918,54.8097,105.1578,30.58,41,6,1.9
170,Qaqortoq,GL,1635474716,60.7167,-46.0333,30.7,73,100,2.68
171,Kodinsk,RU,1635474752,58.6881,99.1844,25.79,65,77,6.58
172,Kaitangata,NZ,1635474490,-46.2817,169.8464,61.0,69,50,5.79
173,Berdigestyakh,RU,1635474918,62.0989,126.6992,21.94,81,100,10.04
174,Ukiah,US,1635474902,39.1502,-123.2078,68.04,80,1,0.0
175,Mogadishu,SO,1635474919,2.0371,45.3438,78.76,78,61,8.25
176,Les Cayes,HT,1635474919,18.2,-73.75,76.98,84,27,3.24
177,Airai,TL,1635474429,-8.9266,125.4092,78.94,42,87,1.99
178,Bull Savanna,JM,1635474920,17.8868,-77.5902,76.73,87,72,7.78
179,Iquique,CL,1635474920,-20.2208,-70.1431,60.84,72,11,4.61
180,Ilulissat,GL,1635474791,69.2167,-51.1,26.62,80,75,14.97
181,Monserrato,IT,1635474920,39.2561,9.1397,60.03,85,40,1.01
182,Vao,NC,1635474640,-22.6667,167.4833,71.65,71,57,13.67
183,Qaanaaq,GL,1635474635,77.484,-69.3632,15.53,79,77,7.47
184,Saldanha,ZA,1635474660,-33.0117,17.9442,60.85,90,81,15.08
185,Kapuskasing,CA,1635474921,49.4169,-82.4331,41.09,75,20,3.44
186,Krasnyy Chikoy,RU,1635474921,50.3643,108.7512,36.0,45,100,6.4
187,Buraidah,SA,1635474922,26.326,43.975,66.65,21,17,10.02
188,Portland,US,1635474576,45.5234,-122.6762,67.93,84,90,3.0
189,Yellowknife,CA,1635474716,62.456,-114.3525,32.41,100,75,4.61
190,Hua Hin,TH,1635474922,12.5707,99.9588,84.22,74,20,2.3
191,San Ramon,US,1635474623,37.7799,-121.978,69.04,74,1,3.44
192,Ca Mau,VN,1635474922,9.1769,105.15,87.96,65,91,9.26
193,Jiuquan,CN,1635474923,39.7432,98.5174,49.44,24,11,2.42
194,Pangnirtung,CA,1635474799,66.1451,-65.7125,27.27,96,92,5.79
195,Castro,BR,1635474748,-24.7911,-50.0119,60.26,93,98,8.5
196,Presidencia Roque Sáenz Peña,AR,1635474663,-26.7852,-60.4388,72.57,33,2,6.58
197,Korla,CN,1635474797,41.7597,86.1469,52.52,37,100,3.36
198,Gillette,US,1635474923,44.2911,-105.5022,42.87,64,1,3.0
199,Mildura,AU,1635474924,-34.2,142.15,67.96,34,75,14.97
200,São Filipe,CV,1635474785,14.8961,-24.4956,77.65,79,54,5.66
201,Port Blair,IN,1635474698,11.6667,92.75,83.62,73,85,12.91
202,Gawler,AU,1635474924,-34.6,138.7333,64.09,54,99,11.12
203,Cayenne,GF,1635474869,4.9333,-52.3333,82.09,81,0,1.99
204,Avarua,CK,1635474664,-21.2078,-159.775,75.25,69,75,11.5
205,George Town,MY,1635474635,5.4112,100.3354,85.89,80,20,1.01
206,Cumberland,US,1635474925,35.0502,-78.8664,63.41,95,90,11.5
207,Puerto Peñasco,MX,1635474833,31.3167,-113.5333,77.92,35,0,4.0
208,Port Hardy,CA,1635474627,50.6996,-127.4199,48.2,87,40,10.36
209,Kuzhener,RU,1635474926,56.8111,48.9128,23.88,78,6,7.7
210,Hatillo,PR,1635474926,18.4863,-66.8254,79.11,85,0,3.0
211,Coquimbo,CL,1635474613,-29.9533,-71.3436,53.33,100,20,5.75
212,Severo-Yeniseyskiy,RU,1635474760,60.3725,93.0408,25.3,79,100,9.86
213,Xai-Xai,MZ,1635474926,-25.0519,33.6442,62.13,74,94,2.53
214,Bani Walid,LY,1635474927,31.7566,13.9942,63.43,57,18,8.28
215,Aksu,CN,1635474752,41.1231,80.2644,51.94,35,95,2.13
216,Lompoc,US,1635474726,34.6391,-120.4579,73.42,74,1,5.75
217,Sahuaripa,MX,1635474927,29.05,-109.2333,69.49,28,0,4.41
218,Comodoro Rivadavia,AR,1635474928,-45.8667,-67.5,67.86,19,0,10.36
219,Sistranda,NO,1635474761,63.7256,8.834,51.91,90,100,11.88
220,Itarema,BR,1635474860,-2.9248,-39.9167,79.43,79,47,14.34
221,Chui,UY,1635474752,-33.6971,-53.4616,63.45,90,0,8.93
222,Vila Velha,BR,1635474488,-20.3297,-40.2925,76.95,78,40,8.05
223,Okrika,NG,1635474928,4.7416,7.0849,73.72,92,80,3.11
224,Loreto,MX,1635474929,22.2667,-101.9667,60.98,26,0,7.94
225,Uiraúna,BR,1635474929,-6.5183,-38.4122,82.89,46,99,7.9
226,La Santisima Trinidad,BO,1635474929,-14.8333,-64.9,71.1,94,100,3.4
227,Craig,US,1635474930,40.5153,-107.5464,44.55,70,90,0.0
228,Dale,US,1635474930,38.1689,-86.99,56.48,94,90,6.91
229,Xining,CN,1635474931,36.6167,101.7667,42.42,54,4,2.66
230,Raduzhny,RU,1635474931,62.0961,77.475,30.52,95,100,12.75
231,Te Anau,NZ,1635474932,-45.4167,167.7167,66.7,50,5,2.59
232,Nabire,ID,1635474932,-3.3667,135.4833,77.86,91,100,3.56
233,Katangli,RU,1635474852,51.7102,143.2326,41.43,67,6,4.47
234,Almaznyy,RU,1635474932,48.0448,40.045,42.94,92,92,8.95
235,Yarega,RU,1635474793,63.4354,53.5765,17.47,88,7,8.55
236,Ostrovskoye,RU,1635474933,57.8057,42.2433,28.09,75,100,3.49
237,Dunedin,NZ,1635474450,-45.8742,170.5036,58.15,76,89,3.87
238,Camacha,PT,1635474782,33.0833,-16.3333,67.42,78,20,10.36
239,Bayan,CN,1635474933,46.0833,127.4,53.2,38,0,5.35
240,Cururupu,BR,1635474791,-1.8283,-44.8683,75.18,91,46,2.68
241,Luba,GQ,1635474934,3.4568,8.5547,78.48,86,100,1.63
242,Al Bardīyah,LY,1635474934,31.7561,25.0865,70.39,84,99,7.31
243,Yulara,AU,1635474790,-25.2406,130.9889,80.44,13,1,10.36
244,Hong Kong,HK,1635474442,22.2855,114.1577,81.25,73,52,1.01
245,Mendi,PG,1635474935,-6.1761,143.6513,66.18,86,73,2.71
246,Tuktoyaktuk,CA,1635474759,69.4541,-133.0374,26.6,93,75,5.75
247,Puerto Baquerizo Moreno,EC,1635474833,-0.9,-89.6,69.04,87,77,13.24
248,San Juan,AR,1635474935,-31.5375,-68.5364,86.97,22,46,19.35
249,Penalva,BR,1635474830,-3.2942,-45.1736,74.82,90,60,3.24
250,Meridian,US,1635474275,43.6121,-116.3915,62.71,67,1,1.01
251,San Bartolomé de Tirajana,ES,1635474720,27.9248,-15.5733,57.67,70,20,10.36
252,Khanbari,NP,1635474936,27.3747,87.2039,68.4,61,17,1.43
253,Palenque/Temp,MX,1635474936,17.5167,-91.9667,75.02,96,100,6.24
254,Torbay,CA,1635474714,47.6666,-52.7314,39.27,94,90,16.11
255,Outjo,NA,1635474937,-20.1167,16.15,69.44,66,29,4.14
256,Tuy Hoa,VN,1635474937,13.0833,109.3,81.86,80,83,9.28
257,High Level,CA,1635474937,58.5169,-117.136,37.51,75,75,9.22
258,Lavrentiya,RU,1635474639,65.5833,-171.0,17.4,88,100,7.47
259,Port Lincoln,AU,1635474781,-34.7333,135.8667,57.63,55,80,13.85
260,Isangel,VU,1635474938,-19.55,169.2667,84.31,74,75,9.22
261,Surin,TH,1635474938,14.8818,103.4936,77.38,81,89,5.84
262,Ternate,ID,1635474746,0.8,127.4,86.36,63,100,0.65
263,Mocuba,MZ,1635474939,-16.8392,36.9856,65.5,84,26,3.56
264,Arlit,NE,1635474940,18.7369,7.3853,80.17,14,10,7.92
265,Whitehorse,CA,1635474940,60.7161,-135.0538,30.97,55,75,10.36
266,Regina,CA,1635474815,50.4501,-104.6178,36.16,62,20,5.75
267,Lüderitz,NA,1635474783,-26.6481,15.1594,56.05,85,0,5.97
268,Sukhinichi,RU,1635474940,54.0999,35.3425,37.87,93,81,3.62
269,Nässjö,SE,1635474941,57.6531,14.6968,49.12,89,4,8.61
270,Umm Kaddadah,SD,1635474771,13.6017,26.6876,76.93,15,12,11.52
271,Torrijos,ES,1635474941,39.9819,-4.2835,62.85,50,100,13.85
272,Ongandjera,NA,1635474941,-17.8833,15.0667,74.57,49,100,3.98
273,Gushikawa,JP,1635474942,26.3544,127.8686,78.8,48,1,9.22
274,Nueva Loja,EC,1635474942,0.0847,-76.8828,70.12,99,91,1.34
275,Alexandria,EG,1635474576,31.2156,29.9553,71.56,83,0,5.75
276,Sittwe,MM,1635474943,20.15,92.9,82.27,74,36,4.47
277,Anori,BR,1635474943,-3.7728,-61.6442,73.78,94,99,1.74
278,Sorrento,IT,1635474800,40.626,14.3744,58.28,46,100,6.29
279,Bodden Town,KY,1635474943,19.2833,-81.25,84.2,82,20,4.0
280,Beloha,MG,1635474818,-25.1667,45.05,63.46,56,93,12.3
281,Nome,US,1635474944,64.5011,-165.4064,24.87,80,90,10.36
282,Saint-Pierre,RE,1635474944,-21.3393,55.4781,73.04,88,75,8.05
283,Byron Bay,AU,1635474695,-28.65,153.6167,75.31,75,100,9.86
284,Cabo Rojo,PR,1635474945,18.0866,-67.1457,79.68,83,1,1.01
285,Ancud,CL,1635474696,-41.8697,-73.8203,51.33,88,100,4.25
286,Shimoda,JP,1635474945,34.6667,138.95,64.76,46,0,16.26
287,Kota Kinabalu,MY,1635474946,5.9749,116.0724,85.98,74,20,4.61
288,Praia,CV,1635474865,14.9215,-23.5087,73.94,88,40,12.66
289,Colesberg,ZA,1635474946,-30.72,25.0972,56.84,89,89,8.7
290,Adrar,MR,1635474733,20.5022,-10.0711,74.12,37,100,9.73
291,Kumul,CN,1635474826,42.8,93.45,53.85,30,5,3.27
292,Aguada de Pasajeros,CU,1635474947,22.385,-80.8508,80.74,90,100,5.39
293,Krasnosel'kup,RU,1635474778,65.7,82.4667,25.3,95,100,21.41
294,Ferkessédougou,CI,1635474947,9.6,-5.2,73.81,87,69,1.97
295,Acapulco de Juárez,MX,1635474948,16.8634,-99.8901,82.22,83,40,4.61
296,Geraldton,AU,1635474725,-28.7667,114.6,71.13,28,0,14.97
297,Yermakovskoye,RU,1635474948,53.2831,92.4003,34.65,67,52,2.66
298,Juneau,US,1635474842,58.3019,-134.4197,41.22,97,75,6.91
299,Fujinomiya,JP,1635474949,35.2167,138.6167,70.18,33,0,1.01
300,Bandar,ID,1635474949,2.05,99.75,86.88,65,86,2.62
301,Golovino,RU,1635474949,55.9613,40.4251,34.7,95,100,2.51
302,Mocorito,MX,1635474781,25.4833,-107.9167,78.26,69,0,2.1
303,Staunton,US,1635474950,38.1496,-79.0717,57.92,77,90,1.99
304,Fereydūnkenār,IR,1635474950,36.6864,52.5225,57.25,61,22,8.77
305,Baton Rouge,US,1635474663,30.4508,-91.1545,62.92,70,90,6.91
306,Los Llanos de Aridane,ES,1635474714,28.6585,-17.9182,64.15,68,0,8.05
307,Saint Anthony,US,1635474550,45.0205,-93.218,48.54,93,90,3.0
308,Bemidji,US,1635474950,47.4736,-94.8803,44.15,100,90,9.22
309,Jieshi,CN,1635474951,22.8134,115.8257,77.95,72,96,14.25
310,Tezu,IN,1635474951,27.9167,96.1667,78.53,37,0,2.01
311,Ilo,PE,1635474787,-17.6394,-71.3375,64.49,83,89,4.18
312,Romita,MX,1635474952,20.8667,-101.5167,63.23,63,40,0.0
313,Olafsvik,IS,1635474751,64.8945,-23.7142,41.27,91,100,34.11
314,Pemberton,CA,1635474952,50.3164,-122.8027,42.66,100,100,0.78
315,Shalyhyne,UA,1635474952,51.5717,34.1217,40.35,90,15,2.66
316,Kirovsk,UA,1635474953,48.6375,38.6428,42.85,92,25,5.79
317,Jaisalmer,IN,1635474953,26.9147,70.9181,78.4,21,0,5.55
318,Atasū,KZ,1635474780,48.6814,71.6433,33.03,39,82,6.96
319,Mount Gambier,AU,1635474665,-37.8333,140.7667,55.31,54,40,20.71
320,Taltal,CL,1635474953,-25.4,-70.4833,61.54,72,26,1.36
321,Poum,NC,1635474829,-20.2333,164.0167,76.08,78,2,11.34
322,Abasolo,MX,1635474954,20.45,-101.5167,63.34,48,13,0.4
323,Mongo,TD,1635474955,12.1844,18.693,83.21,43,97,3.56
324,Bethel,US,1635474699,41.3712,-73.414,51.58,86,1,4.61
325,Corinth,GR,1635474955,37.9407,22.9573,59.11,77,24,7.31
326,Marawi,PH,1635474803,7.9986,124.2928,76.64,62,32,4.72
327,Manaure,CO,1635474956,11.7751,-72.4445,80.58,82,99,7.74
328,Zhalantun,CN,1635474957,48.0,122.7167,50.27,39,100,2.13
329,Shawnee,US,1635474733,39.05,-95.7669,55.85,82,90,1.99
330,Dzhebariki-Khaya,RU,1635474957,62.2167,135.8,21.54,88,99,6.96
331,Batamshinskiy,KZ,1635474957,50.5594,58.2747,35.58,71,100,15.12
332,Stende,LV,1635474958,57.15,22.5333,50.74,94,19,8.32
333,Tazovsky,RU,1635474958,67.4667,78.7,18.91,94,100,20.78
334,Ende,ID,1635474742,-8.8432,121.6623,89.49,61,53,4.14
335,Shubarshi,KZ,1635474959,48.5872,57.1869,31.78,56,100,8.21
336,Río Cuarto,AR,1635474959,-33.1307,-64.3499,63.84,32,11,9.1
337,Srostki,RU,1635474960,52.4189,85.7022,36.01,74,100,5.82
338,Flinders,AU,1635474737,-34.5833,150.8552,89.2,36,0,11.99
339,Kieta,PG,1635474752,-6.2167,155.6333,86.05,62,65,4.09
340,Pangoa,PE,1635474873,-12.1167,-73.0,67.64,98,64,1.86
341,Kimbe,PG,1635474783,-5.5502,150.1429,88.11,63,91,6.08
342,Scarborough,GB,1635474960,54.2797,-0.4044,55.08,86,99,7.0
343,Berlevåg,NO,1635474834,70.8578,29.0864,37.56,91,69,15.88
344,Tura,IN,1635474812,25.5198,90.2201,77.02,70,2,3.24
345,Leningradskiy,RU,1635474865,69.3833,178.4167,1.0,90,98,5.44
346,Lorengau,PG,1635474840,-2.0226,147.2712,86.09,65,100,5.66
347,Cockburn Town,TC,1635474685,21.4612,-71.1419,82.4,72,1,7.43
348,Minas,UY,1635474961,-34.3759,-55.2377,63.07,67,0,12.59
349,Polazna,RU,1635474736,58.2946,56.4055,20.59,86,100,8.3
350,Pinawa,CA,1635474961,50.1489,-95.8811,41.45,89,1,4.05
351,Fallon,US,1635474962,39.4735,-118.7774,57.42,76,20,5.75
352,Beidao,CN,1635474962,34.5686,105.8933,59.94,57,6,1.23
353,Wanaka,NZ,1635474851,-44.7,169.15,66.11,57,76,3.0
354,Qom,IR,1635474963,34.6401,50.8764,52.09,36,9,3.06
355,Chimoio,MZ,1635474963,-19.1164,33.4833,62.46,94,75,2.86
356,Bandarbeyla,SO,1635474802,9.4942,50.8122,75.56,73,2,3.58
357,Iglesias,IT,1635474963,39.3114,8.535,57.76,91,43,0.87
358,Zhicheng,CN,1635474964,30.2956,111.5047,63.16,71,100,2.44
359,Birjand,IR,1635474964,32.8663,59.2211,39.67,35,0,6.91
360,Yoichi,JP,1635474964,43.2039,140.7703,52.23,68,100,16.22
361,Hermsdorf,DE,1635474965,50.9,11.8667,44.35,86,9,6.46
362,Waingapu,ID,1635474874,-9.6567,120.2641,88.02,64,100,12.08
363,Guerrero Negro,MX,1635474696,27.9769,-114.0611,69.26,71,0,8.9
364,Zyukayka,RU,1635474965,58.2025,54.7003,20.75,85,14,7.54
365,Aswān,EG,1635474966,24.0934,32.907,78.1,29,0,10.36
366,Killarney,IE,1635474966,52.05,-9.5167,46.78,90,100,4.05
367,Oranjemund,NA,1635474967,-28.55,16.4333,57.96,81,15,7.38
368,Saint-Augustin,CA,1635474968,51.226,-58.6502,36.03,70,0,4.61
369,Tual,ID,1635474968,-5.6667,132.75,83.53,73,96,4.27
370,Bathsheba,BB,1635474853,13.2167,-59.5167,81.21,74,40,12.66
371,Guánica,PR,1635474968,17.9716,-66.908,79.92,82,0,1.99
372,Darnah,LY,1635474968,32.767,22.6367,67.89,87,27,5.88
373,Suez,EG,1635474969,29.9737,32.5263,71.04,41,28,3.29
374,Shubarkuduk,KZ,1635474969,49.1447,56.4872,32.38,59,100,7.05
375,Bowen,AU,1635474918,-20.0167,148.2333,89.82,59,0,9.75
376,San Quintín,MX,1635474767,30.4833,-115.95,68.23,55,0,1.99
377,North Bend,US,1635474750,43.4065,-124.2243,62.24,97,90,6.91
378,Chivay,PE,1635474970,-15.6383,-71.6011,50.4,67,99,2.66
379,Talara,PE,1635474970,-4.5772,-81.2719,67.64,79,8,16.26
380,Belyy Yar,RU,1635474971,53.6039,91.3903,21.09,93,40,4.47
381,Lakefield,US,1635474971,43.6775,-95.1717,47.59,88,90,4.0
382,Liwale,TZ,1635474972,-9.7667,37.9333,69.06,92,48,2.66
383,Cidreira,BR,1635474783,-30.1811,-50.2056,67.6,85,37,16.91
384,Coyhaique,CL,1635474683,-45.5752,-72.0662,55.35,54,20,3.44
385,Ribeira Brava,PT,1635474972,32.65,-17.0667,69.71,69,61,8.21
386,Dingle,PH,1635474773,10.9995,122.6711,84.76,74,69,13.02
387,Arrondissement de Moulins,FR,1635474973,46.5,3.3333,51.53,80,11,7.47
388,Prome,MM,1635474973,18.8167,95.2167,81.95,78,97,6.55
389,Lere,NG,1635474973,10.387,8.5726,67.82,42,98,1.3
390,Mingguang,CN,1635474974,32.7802,117.9638,65.59,51,2,4.83
391,Boralday,KZ,1635474974,43.3578,76.8594,44.46,81,90,4.47
392,Eenhana,NA,1635474975,-17.4667,16.3333,71.35,73,34,4.05
393,Kysyl-Syr,RU,1635474872,63.8986,122.7617,21.87,88,100,10.07
394,Aktau,KZ,1635474725,43.65,51.2,46.98,74,95,21.63
395,Maamba,ZM,1635474975,-17.3667,27.15,70.0,62,2,7.52
396,Avera,US,1635474976,33.194,-82.5271,66.07,86,15,6.85
397,Pangai,TO,1635474836,-19.8,-174.35,80.71,61,20,13.8
398,Tokur,RU,1635474976,53.1333,132.9,35.08,68,43,4.07
399,Eureka,US,1635474919,40.8021,-124.1637,59.94,74,100,2.35
400,Lufilufi,WS,1635474976,-13.8745,-171.5986,83.98,72,93,19.15
401,Kaka,TM,1635474977,37.3482,59.6143,44.04,76,0,6.58
402,Pokhara,NP,1635474977,28.2333,83.9833,68.22,59,0,2.08
403,Jiaozhou,CN,1635474978,36.2839,120.0033,64.36,39,13,5.77
404,Bondoukou,CI,1635474978,8.0333,-2.8,71.62,93,70,0.4
405,Humberto de Campos,BR,1635474978,-2.5983,-43.4611,76.19,90,48,4.92
406,Emba,KZ,1635474774,48.8264,58.1442,31.14,57,100,8.1
407,Alofi,NU,1635474790,-19.0595,-169.9187,80.49,65,75,18.41
408,Kattivākkam,IN,1635474979,13.2167,80.3167,82.49,78,100,8.39
409,Borazjan,IR,1635474979,29.2666,51.2159,74.53,22,78,0.74
410,Khajuraho,IN,1635474979,24.85,79.9333,72.09,48,0,2.37
411,Naryan-Mar,RU,1635474980,67.6713,53.087,16.11,81,6,8.03
412,Husavik,IS,1635474718,66.0449,-17.3389,40.91,97,100,24.09
413,Sanguéya,GN,1635474980,10.7,-14.3667,73.62,92,100,2.98
414,Benguela,AO,1635474775,-12.5763,13.4055,73.72,75,56,4.88
415,Narsaq,GL,1635474720,60.9167,-46.05,30.42,74,100,2.55
416,Usinsk,RU,1635474853,65.9939,57.5281,15.42,82,11,19.84
417,Gwadar,PK,1635474981,25.1216,62.3254,78.67,53,0,6.35
418,Katsuura,JP,1635474759,35.1333,140.3,64.51,50,84,23.22
419,Smoky Lake,CA,1635474981,54.1169,-112.4686,38.48,55,100,6.91
420,Lokoja,NG,1635474982,7.8024,6.743,74.86,89,100,2.1
421,Uruaçu,BR,1635474982,-14.5247,-49.1408,80.6,47,90,3.15
422,Alta Floresta,BR,1635474712,-9.8756,-56.0861,71.29,84,6,3.24
423,Bengkulu,ID,1635474712,-3.8004,102.2655,84.42,68,64,5.14
424,Biak,ID,1635474982,-0.9131,122.8766,85.28,62,85,2.3
425,Kushima,JP,1635474983,31.4583,131.2333,69.31,51,16,5.66
426,Harper,LR,1635474772,4.375,-7.7169,76.35,88,100,4.59
427,Romny,UA,1635474983,50.751,33.4747,41.76,95,11,3.78
428,Rocha,UY,1635474849,-34.4833,-54.3333,59.56,92,0,7.76
429,Tubalan,PH,1635474983,6.495,125.5661,82.26,80,86,4.9
430,Sioux Lookout,CA,1635474816,50.1001,-91.917,44.98,100,90,4.61
431,Johnstown,US,1635474984,40.3267,-78.922,59.79,81,90,17.27
432,Roald,NO,1635474848,62.5833,6.1333,55.17,100,100,6.91
433,Padang,ID,1635474779,-0.9492,100.3543,82.45,65,95,2.01
434,The Valley,AI,1635474792,18.217,-63.0578,80.82,73,1,11.61
435,Westerland,DE,1635474985,54.9079,8.3033,51.82,87,75,13.8
436,Uyemskiy,RU,1635474985,64.4743,40.8524,26.65,93,90,8.95
437,Ketchikan,US,1635474985,55.3422,-131.6461,37.87,93,40,4.61
438,Gambo,CF,1635474986,4.6482,22.2633,69.69,99,100,0.4
439,Ulaangom,MN,1635474771,49.9811,92.0667,40.53,41,0,1.86
440,Prince Rupert,CA,1635474854,54.3161,-130.3201,44.29,78,62,6.91
441,Nuuk,GL,1635474692,64.1835,-51.7216,30.81,93,90,4.61
442,Great Falls,US,1635474986,47.5002,-111.3008,60.42,51,1,20.71
443,Maniitsoq,GL,1635474868,65.4167,-52.9,27.7,94,100,14.38
444,Hamilton,US,1635474446,39.1834,-84.5333,57.42,96,90,3.0
445,Tautira,PF,1635474708,-17.7333,-149.15,71.62,93,100,10.09
446,Birao,CF,1635474987,10.2849,22.7882,72.86,43,68,2.04
447,Touros,BR,1635474860,-5.1989,-35.4608,77.9,80,59,12.82
448,Salalah,OM,1635474987,17.0151,54.0924,75.29,78,20,5.75
449,La Romana,DO,1635474987,18.4273,-68.9728,80.33,100,20,0.0
450,Kabinda,CD,1635474988,-6.1333,24.4833,66.47,94,100,6.33
451,La Palma,US,1635474735,33.8464,-118.0467,84.97,43,1,1.01
452,Walvis Bay,NA,1635474706,-22.9575,14.5053,59.09,88,3,4.61
453,Jambusar,IN,1635474988,22.05,72.8,73.67,40,78,10.07
454,Koumac,NC,1635474989,-20.5667,164.2833,78.85,72,15,7.2
455,Makīnsk,KZ,1635474989,52.6292,70.4169,22.35,58,99,17.09
456,Ereymentau,KZ,1635474989,51.6199,73.1033,33.51,46,75,20.31
457,Yatou,CN,1635474989,37.15,122.3833,64.71,47,86,3.0
458,Djibo,BF,1635474990,14.1022,-1.6306,85.44,38,34,7.92
459,Leominster,US,1635474990,42.5251,-71.7598,42.48,88,1,4.61
460,Owase,JP,1635474990,34.0667,136.2,67.28,37,0,0.67
461,Brits,ZA,1635474990,-25.6347,27.7802,65.82,73,100,4.12
462,Pangkalanbuun,ID,1635474714,-2.6833,111.6167,88.21,59,100,2.55
463,Ortaköy,TR,1635474991,38.7373,34.0387,32.25,81,4,4.63
464,Inhambane,MZ,1635474766,-23.865,35.3833,65.8,75,40,5.12
465,Cherskiy,RU,1635474464,68.75,161.3,-9.2,90,41,2.44
466,Jumla,NP,1635474850,29.2747,82.1838,55.92,40,0,0.89
467,Aklavik,CA,1635474843,68.2191,-135.0107,27.43,96,98,3.15
468,Sal Rei,CV,1635474991,16.1833,-22.9167,77.56,76,91,15.39
469,Hambantota,LK,1635474992,6.1241,81.1185,79.14,100,40,2.3
470,Keti Bandar,PK,1635474992,24.1447,67.4497,80.26,49,0,6.91
471,Hīt,IQ,1635474831,33.6416,42.8251,67.73,47,92,4.25
472,Sisimiut,GL,1635474992,66.9395,-53.6735,28.58,95,100,12.44
473,Kuusamo,FI,1635474993,65.9667,29.1833,35.64,100,90,5.75
474,Chengde,CN,1635474993,40.9725,117.9361,56.95,44,25,1.59
475,Luboń,PL,1635474993,52.3471,16.8927,44.58,90,0,1.01
476,Xiaoshi,CN,1635474994,41.2971,124.1209,59.02,38,100,4.41
477,Katobu,ID,1635474994,-4.9408,122.5276,92.14,49,20,2.82
478,Bournemouth,GB,1635474994,50.7205,-1.8795,58.82,90,100,4.0
479,Clyde River,CA,1635474756,70.4692,-68.5914,27.03,96,98,7.99
480,Zharkent,KZ,1635474995,44.1628,80.0,52.27,45,14,1.45
481,Chiang Klang,TH,1635474995,19.2938,100.8617,76.33,74,81,0.85
482,Matagami,CA,1635474995,49.7502,-77.6328,39.31,65,1,6.91
483,Vanavara,RU,1635474996,60.34,102.2797,21.58,73,45,7.45
484,Tandil,AR,1635474996,-37.3217,-59.1332,62.26,80,43,5.48
485,Leh,IN,1635474830,34.1667,77.5833,26.73,52,0,2.01
486,Baculin,PH,1635474996,7.4525,126.5842,86.09,69,91,6.38
487,Kiryat Gat,IL,1635474745,31.61,34.7642,76.41,33,92,3.69
488,Kologriv,RU,1635474997,58.8275,44.3178,26.71,69,79,3.09
489,Muli,MV,1635474997,2.9167,73.5667,82.18,75,64,9.69
490,Yenangyaung,MM,1635474998,20.4667,94.8833,83.16,69,33,6.22
491,Houma,US,1635474651,29.5958,-90.7195,64.99,70,44,1.01
492,Inuvik,CA,1635474998,68.3499,-133.7218,27.46,96,75,0.0
493,Nianzishan,CN,1635474998,47.5167,122.8833,52.63,38,100,6.58
494,Sandnessjøen,NO,1635474999,66.0217,12.6316,48.18,90,100,14.09
495,Arrondissement de Saumur,FR,1635474999,47.3333,-0.25,55.89,82,100,20.8
496,Puerto del Rosario,ES,1635474999,28.5004,-13.8627,65.88,73,100,9.26
497,Jacareacanga,BR,1635475000,-6.2222,-57.7528,74.55,84,5,2.37
498,Balaipungut,ID,1635474614,1.05,101.2833,81.01,69,100,3.89
499,Ocós,GT,1635475000,14.5094,-92.1933,83.32,79,92,3.22
500,Brønnøysund,NO,1635475000,65.4625,12.1997,48.2,100,75,4.61
501,Bambanglipuro,ID,1635475001,-7.95,110.2833,85.89,69,98,7.54
502,High Rock,BS,1635475001,26.6208,-78.2833,82.42,82,100,21.47
503,Kuching,MY,1635475001,1.55,110.3333,86.22,74,20,2.3
504,Davila,PH,1635475002,18.4726,120.5763,89.58,71,19,22.26
505,Carutapera,BR,1635475002,-1.195,-46.02,76.19,87,54,2.55
506,Saint George,US,1635474492,37.1041,-113.5841,65.95,48,1,1.01
507,Pilar do Sul,BR,1635475003,-23.8131,-47.7164,68.36,94,100,7.7
508,Trelew,AR,1635475003,-43.249,-65.3051,64.4,48,10,11.74
509,Hobyo,SO,1635475003,5.3505,48.5268,78.21,73,41,7.96
510,Nizwá,OM,1635474774,22.9333,57.5333,72.16,61,0,1.39
511,College,US,1635474809,64.8569,-147.8028,25.29,88,75,4.61
512,Souillac,MU,1635474745,-20.5167,57.5167,75.36,88,40,6.91
513,Fortuna,US,1635474694,40.5982,-124.1573,62.19,71,1,0.0
514,Papara,BR,1635475004,-3.9839,-38.7273,79.68,84,17,5.84
515,Zheleznodorozhnyy,RU,1635475005,55.7503,38.0042,45.21,72,100,3.18
516,Santana do Livramento,BR,1635474846,-30.8908,-55.5328,62.26,70,59,8.12
517,Santa Cruz de la Sierra,BO,1635475005,-17.8,-63.1667,76.46,78,88,5.75
518,Nelson Bay,AU,1635474716,-32.7167,152.15,88.95,63,100,1.01
519,Raudeberg,NO,1635474866,61.9875,5.1352,53.2,94,100,8.01
520,Nurobod,UZ,1635475006,40.9056,69.8023,41.85,93,100,1.14
521,Constantine,DZ,1635475006,36.365,6.6147,49.41,93,20,1.14
522,Fort Smith,US,1635474963,35.3859,-94.3986,54.09,78,90,1.01
523,Binga,ZW,1635475007,-17.6203,27.3414,73.45,57,4,6.82
524,Vite,IN,1635475007,17.2833,74.55,71.87,53,77,16.8
525,Linxia Chengguanzhen,CN,1635475008,35.6003,103.2064,49.87,47,0,3.33
526,Balkhash,KZ,1635475008,46.844,74.9804,30.81,86,0,2.24
527,Sāveh,IR,1635475008,35.0213,50.3566,50.56,41,60,1.21
528,Chimbote,PE,1635474780,-9.0853,-78.5783,62.56,88,78,7.34
529,Samoded,RU,1635475009,63.6083,40.5111,26.11,94,100,11.27
530,Lišov,CZ,1635475009,49.016,14.6084,45.27,84,49,4.54
531,Umluj,SA,1635475010,25.0213,37.2685,80.26,51,4,5.75
532,Kesova Gora,RU,1635475010,57.5836,37.2922,37.33,96,100,8.63
533,Dauphin,CA,1635475010,51.1494,-100.0502,35.74,69,1,6.91
534,Marzuq,YE,1635474854,14.4,46.4667,67.66,34,6,1.95
535,Ballina,AU,1635475011,-28.8667,153.5667,78.76,66,100,13.8
536,Mokrousovo,RU,1635475011,55.8103,66.7653,35.58,80,99,16.84
537,Dmitriyevka,RU,1635475012,54.75,55.3333,35.15,94,100,9.73
538,Vila,PT,1635475012,42.0304,-8.1588,49.33,94,100,4.29
539,Majdanpek,RS,1635475012,44.4277,21.946,41.18,79,7,6.49
540,Waipawa,NZ,1635474763,-41.4122,175.5153,62.29,92,100,2.06
541,Coos Bay,US,1635475013,43.3665,-124.2179,62.31,97,90,6.91
542,Seymchan,RU,1635475013,62.8833,152.4333,14.23,82,96,5.66
543,Aykhal,RU,1635474796,66.0,111.5,2.61,96,100,12.21
544,Ulladulla,AU,1635475014,-35.35,150.4667,83.88,34,0,16.06
545,Calabozo,VE,1635475014,8.9242,-67.4293,74.88,86,100,1.43
546,Iqaluit,CA,1635474639,63.7506,-68.5145,38.93,75,90,3.0
547,Sarlat-la-Canéda,FR,1635475014,44.889,1.2166,57.87,71,100,11.27
548,Broome,US,1635474723,42.2506,-75.833,50.58,78,1,4.0
549,Riyadh,SA,1635474601,24.6877,46.7219,73.54,26,100,9.64
550,Labuhan,ID,1635474848,-6.8844,112.2051,87.26,63,100,1.01
551,São Sebastião,BR,1635475015,-23.76,-45.4097,70.11,96,100,7.29
552,Kangaatsiaq,GL,1635475015,68.3065,-53.4641,28.44,95,100,11.59
553,Kirya,TZ,1635475016,-3.9167,37.4833,69.3,84,12,6.53
554,Pacifica,US,1635475016,37.6138,-122.4869,70.25,80,20,1.01
555,Hammerfest,NO,1635475016,70.6634,23.6821,36.05,100,90,0.0
556,Omsukchan,RU,1635474453,62.5333,155.8,16.88,89,50,4.81
557,Tsiroanomandidy,MG,1635475017,-18.7667,46.0333,65.59,80,0,2.04
558,Miraflores,MX,1635475017,19.2167,-98.8083,59.04,93,45,4.09
559,Tommot,RU,1635475018,58.9564,126.2925,26.29,61,13,11.65
560,Zaysan,KZ,1635475018,47.4667,84.8667,46.87,67,16,0.25
561,San Miguel de Tucumán,AR,1635475018,-26.8241,-65.2226,86.0,35,75,9.22
562,Haines Junction,CA,1635474775,60.7522,-137.5108,30.15,64,100,3.44
563,Ganzhou,CN,1635474907,28.8184,115.4327,68.11,60,99,5.14
564,Barentu,ER,1635475019,15.1139,37.5928,73.58,43,14,4.23
565,Huanren,CN,1635475019,41.2647,125.3667,53.94,47,96,3.62
566,Zhigansk,RU,1635474753,66.7697,123.3711,12.45,89,100,8.72
567,Øksfjord,NO,1635475020,70.2396,22.3479,39.27,98,100,8.81
568,Sambava,MG,1635475020,-14.2667,50.1667,73.45,83,81,5.79
569,Olinda,BR,1635474823,-8.0089,-34.8553,80.33,74,20,10.36
570,Pombia,IT,1635475021,45.653,8.6336,49.51,91,0,8.05
571,Zhizdra,RU,1635475021,53.746,34.7395,37.54,91,55,2.68
572,San Cristobal,VE,1635474655,7.7669,-72.225,73.58,98,97,2.95
573,Morondava,MG,1635475021,-20.2833,44.2833,69.46,56,46,11.81
574,Manokwari,ID,1635475022,-0.8667,134.0833,84.45,67,93,5.7
575,Biltine,TD,1635474804,14.5333,20.9167,76.87,16,50,7.07
576,Cochrane,CA,1635474927,51.1834,-114.4687,42.06,70,20,4.61
577,Modāsa,IN,1635475022,23.4667,73.3,74.23,37,0,7.09
578,Athabasca,CA,1635475023,54.7169,-113.2854,40.03,46,83,4.54
579,Arrondissement de Cholet,FR,1635475023,47.1667,-1.0,56.44,69,100,21.14
580,Kamen'-na-Obi,RU,1635475023,53.7884,81.3423,35.1,64,98,14.41
581,Yar-Sale,RU,1635474778,66.8333,70.8333,23.36,96,100,9.51
582,Hue,VN,1635474884,16.4667,107.6,78.91,94,75,9.22
